id;added_date_time;last_name;first_name;email;phone;adress;country;postal_code
1;2021-11-25T04:24:00;Grady;Ora;Madelynn.Gibson@yahoo.com;718.406.7579 x4823;plug-and-play envisioneer Metrics;Montenegro;invoice Grocery
2;2021-11-24T20:32:50;West;Amira;Kiarra39@hotmail.com;1-887-506-8824 x47508;Internal;Bhutan;quantify
3;2021-11-25T07:18:40;Volkman;Nova;Hunter_Mertz@yahoo.com;1-311-590-6686;Mouse;Madagascar;Mill Licensed Music
4;2021-11-25T03:22:05;Beatty;Maria;Susan47@gmail.com;789.423.0834 x53275;Grocery;Jordan;Corporate Proactive Granite
5;2021-11-24T14:32:48;Toy;Prudence;Delphia62@hotmail.com;1-332-202-6090 x133;analyzing;Chile;National sexy
6;2021-11-25T07:49:48;Robel;Tate;Justen_Nikolaus@yahoo.com;1-348-938-8859;bluetooth;Yemen;Nauru
7;2021-11-24T22:54:14;Watsica;Madison;Carlee9@gmail.com;764-994-4383;Fresh array;Italy;invoice invoice
8;2021-11-25T07:12:23;Dooley;Wilhelmine;Kelsi82@yahoo.com;645-381-9917 x3643;Soap;Nauru;Shoes
9;2021-11-24T18:50:45;Runolfsson;Carmela;Nicklaus_Powlowski63@hotmail.com;273.227.6653;Handmade;Greece;drive
10;2021-11-25T01:20:29;Marquardt;Mattie;Judd_McDermott@gmail.com;585.386.6491 x562;panel;Albania;Glens bandwidth
